checked_at_utc,price_usd,available
2026-09-22T11:44:24Z,28.00,True
2026-09-22T11:50:57Z,28.00,True
2026-09-22T12:15:28Z,28.00,True
2026-09-23T01:27:29Z,28.00,True
2026-09-24T01:19:55Z,28.00,True
2026-09-25T01:26:00Z,28.00,True
2026-09-26T01:29:22Z,28.00,True
2026-09-27T01:22:10Z,28.00,True
2026-09-27T12:02:19Z,28.00,True
2026-09-28T01:35:59Z,28.00,True
2026-09-29T02:33:30Z,28.00,True
2026-09-30T02:03:07Z,28.00,True
2026-10-01T02:03:51Z,28.00,True
2026-10-02T02:10:16Z,28.00,True
2026-10-03T01:53:21Z,28.00,True
2026-10-04T02:32:50Z,28.00,True
2026-10-05T01:54:49Z,28.00,True
2026-10-06T02:55:13Z,28.00,True
2026-10-07T02:18:50Z,28.00,True
2026-10-08T02:40:29Z,28.00,True
